sampleid	method	site	i7id	i7index	i5id	i5index
5	OMT	FM	A- N701	TAAGGCGA	A- S502	CTCTCTAT
6	OMT	FM	A- N701	TAAGGCGA	A- S503	TATCCTCT
7	OMT	FM	A- N701	TAAGGCGA	A- S505	GTAAGGAG
9	OMT	FM	A- N701	TAAGGCGA	A- S506	ACTGCATA
10	OMT	FM	A- N701	TAAGGCGA	A- S507	AAGGAGTA
14	OES	FM	A- N701	TAAGGCGA	A- S508	CTAAGCCT
16	OES	FM	A- N701	TAAGGCGA	A- S510	CGTCTAAT
17	OES	FM	A- N701	TAAGGCGA	A- S511	TCTCTCCG
18	OES	FM	A- N702	CGTACTAG	A- S502	CTCTCTAT
22	OES	FM	A- N702	CGTACTAG	A- S503	TATCCTCT
26	QPS	FM	A- N702	CGTACTAG	A- S505	GTAAGGAG
27	QPS	FM	A- N702	CGTACTAG	A- S506	ACTGCATA
29	QPS	FM	A- N702	CGTACTAG	A- S507	AAGGAGTA
31	QPS	FM	A- N702	CGTACTAG	A- S508	CTAAGCCT
32	QPS	FM	A- N702	CGTACTAG	A- S510	CGTCTAAT
35	QBT	FM	A- N702	CGTACTAG	A- S511	TCTCTCCG
38	QBT	FM	A- N703	AGGCAGAA	A- S502	CTCTCTAT
39	QBT	FM	A- N703	AGGCAGAA	A- S503	TATCCTCT
41	QBT	FM	A- N703	AGGCAGAA	A- S505	GTAAGGAG
44	QBT	FM	A- N703	AGGCAGAA	A- S506	ACTGCATA
47	QBB	FM	A- N703	AGGCAGAA	A- S507	AAGGAGTA
49	QBB	FM	A- N703	AGGCAGAA	A- S508	CTAAGCCT
50	QBB	FM	A- N703	AGGCAGAA	A- S510	CGTCTAAT
52	QBB	FM	A- N703	AGGCAGAA	A- S511	TCTCTCCG
55	QBB	FM	A- N704	TCCTGAGC	A- S502	CTCTCTAT
60	QPP	FM	A- N704	TCCTGAGC	A- S503	TATCCTCT
62	QPP	FM	A- N704	TCCTGAGC	A- S505	GTAAGGAG
63	QPP	FM	A- N704	TCCTGAGC	A- S506	ACTGCATA
66	QPP	FM	A- N704	TCCTGAGC	A- S507	AAGGAGTA
67	QPP	FM	A- N704	TCCTGAGC	A- S508	CTAAGCCT
72	OBB	FM	A- N704	TCCTGAGC	A- S510	CGTCTAAT
73	OBB	FM	A- N704	TCCTGAGC	A- S511	TCTCTCCG
74	OBB	FM	A- N705	GGACTCCT	A- S502	CTCTCTAT
78	OBB	FM	A- N705	GGACTCCT	A- S503	TATCCTCT
79	OBB	FM	A- N705	GGACTCCT	A- S505	GTAAGGAG
83	OES	LM	A- N705	GGACTCCT	A- S506	ACTGCATA
84	OES	LM	A- N705	GGACTCCT	A- S507	AAGGAGTA
85	OES	LM	A- N705	GGACTCCT	A- S508	CTAAGCCT
86	OES	LM	A- N705	GGACTCCT	A- S510	CGTCTAAT
87	OES	LM	A- N705	GGACTCCT	A- S511	TCTCTCCG
89	QBT	LM	A- N706	TAGGCATG	A- S502	CTCTCTAT
92	QBT	LM	A- N706	TAGGCATG	A- S503	TATCCTCT
93	QBT	LM	A- N706	TAGGCATG	A- S505	GTAAGGAG
98	QPS	LM	A- N706	TAGGCATG	A- S506	ACTGCATA
99	QPS	LM	A- N706	TAGGCATG	A- S507	AAGGAGTA
100	QPS	LM	A- N706	TAGGCATG	A- S508	CTAAGCCT
101	QPS	LM	A- N706	TAGGCATG	A- S510	CGTCTAAT
102	QPS	LM	A- N706	TAGGCATG	A- S511	TCTCTCCG
105	OMT	LM	A- N707	CTCTCTAC	A- S502	CTCTCTAT
106	OMT	LM	A- N707	CTCTCTAC	A- S503	TATCCTCT
107	OMT	LM	A- N707	CTCTCTAC	A- S505	GTAAGGAG
108	OMT	LM	A- N707	CTCTCTAC	A- S506	ACTGCATA
110	OMT	LM	A- N707	CTCTCTAC	A- S507	AAGGAGTA
113	QPP	LM	A- N707	CTCTCTAC	A- S508	CTAAGCCT
114	QPP	LM	A- N707	CTCTCTAC	A- S510	CGTCTAAT
115	QPP	LM	A- N707	CTCTCTAC	A- S511	TCTCTCCG
116	QPP	LM	N708	CAGAGAGG	A- S502	CTCTCTAT
117	QPP	LM	N708	CAGAGAGG	A- S503	TATCCTCT
120	OBB	LM	N708	CAGAGAGG	A- S505	GTAAGGAG
121	OBB	LM	N708	CAGAGAGG	A- S506	ACTGCATA
122	OBB	LM	N708	CAGAGAGG	A- S507	AAGGAGTA
123	OBB	LM	N708	CAGAGAGG	A- S508	CTAAGCCT
124	OBB	LM	N708	CAGAGAGG	A- S510	CGTCTAAT
127	QBB	LM	N708	CAGAGAGG	A- S511	TCTCTCCG
128	QBB	LM	N709	GCTACGCT	A- S502	CTCTCTAT
129	QBB	LM	N709	GCTACGCT	A- S503	TATCCTCT
130	QBB	LM	N709	GCTACGCT	A- S505	GTAAGGAG
131	QBB	LM	N709	GCTACGCT	A- S506	ACTGCATA
135	QBT	LM	N709	GCTACGCT	A- S507	AAGGAGTA
136	QBT	LM	N709	GCTACGCT	A- S508	CTAAGCCT